DROP DATABASE IF EXISTS socialmedia;

CREATE DATABASE socialmedia;

USE socialmedia;
CREATE TABLE Users (
    userID INT PRIMARY KEY,
    username VARCHAR(255) NOT NULL,
    email VARCHAR(255) NOT NULL,
    password VARCHAR(255) NOT NULL,
    profile_picture BLOB
);
CREATE TABLE Posts (
    postID INT PRIMARY KEY,
    userID INT,
    content TEXT,
    timestamp TIMESTAMP,
    FOREIGN KEY (userID) REFERENCES Users(userID)
);
CREATE TABLE Comments (
    commentID INT PRIMARY KEY,
    postID INT,
    userID INT,
    comment_text TEXT,
    timestamp TIMESTAMP,
    FOREIGN KEY (postID) REFERENCES Posts(postID),
    FOREIGN KEY (userID) REFERENCES Users(userID)
);
CREATE TABLE Likes (
    likeID INT PRIMARY KEY,
    postID INT,
    userID INT,
    timestamp TIMESTAMP,
    FOREIGN KEY (postID) REFERENCES Posts(postID),
    FOREIGN KEY (userID) REFERENCES Users(userID)
);


-- Drop the existing Friends table
DROP TABLE IF EXISTS Friends;

-- Create the new Friends table
CREATE TABLE Friends (
    friendshipID INT PRIMARY KEY,
    userID1 INT,
    userID2 INT,
    status ENUM('pending', 'accepted') NOT NULL,
    FOREIGN KEY (userID1) REFERENCES Users(userID),
    FOREIGN KEY (userID2) REFERENCES Users(userID)
    
);



CREATE TABLE Messages (
    messageID INT PRIMARY KEY,
    senderID INT,
    receiverID INT,
    message_text TEXT,
    timestamp TIMESTAMP,
    FOREIGN KEY (senderID) REFERENCES Users(userID),
    FOREIGN KEY (receiverID) REFERENCES Users(userID)
);
CREATE TABLE Notifications (
    notificationID INT PRIMARY KEY,
    userID INT,
    content TEXT,
    timestamp TIMESTAMP,
    FOREIGN KEY (userID) REFERENCES Users(userID)
);
CREATE TABLE `Groups` (
    groupID INT PRIMARY KEY,
    groupName VARCHAR(255),
    adminID INT,
    FOREIGN KEY (adminID) REFERENCES Users(userID)
);

-- Inserting data into Users table
INSERT INTO Users (userID, username, email, password, profile_picture) VALUES
(1, 'user1', 'user1@example.com', 'password1', 'profile1.jpg'),
(2, 'user2', 'user2@example.com', 'password2', 'profile2.jpg'),
(3, 'user3', 'user3@example.com', 'password3', 'profile3.jpg'),
(4, 'user4', 'user4@example.com', 'password4', 'profile4.jpg'),
(5, 'user5', 'user5@example.com', 'password5', 'profile5.jpg'),
(6, 'user6', 'user6@example.com', 'password6', 'profile6.jpg'),
(7, 'user7', 'user7@example.com', 'password7', 'profile7.jpg'),
(8, 'user8', 'user8@example.com', 'password8', 'profile8.jpg'),
(9, 'user9', 'user9@example.com', 'password9', 'profile9.jpg'),
(10, 'user10', 'user10@example.com', 'password10', 'profile10.jpg'),
(11, 'user11', 'user11@example.com', 'password11', 'profile11.jpg'),
(12, 'user12', 'user12@example.com', 'password12', 'profile12.jpg'),
(13, 'user13', 'user13@example.com', 'password13', 'profile13.jpg'),
(14, 'user14', 'user14@example.com', 'password14', 'profile14.jpg'),
(15, 'user15', 'user15@example.com', 'password15', 'profile15.jpg'),
(16, 'user16', 'user16@example.com', 'password16', 'profile16.jpg'),
(17, 'john_doe', 'john.doe@example.com', 'password17', 'john_doe.jpg'),
(18, 'jane_smith', 'jane.smith@example.com', 'password18', 'jane_smith.jpg'),
(19, 'sam_jones', 'sam.jones@example.com', 'password19', 'sam_jones.jpg'),
(20, 'emily_wilson', 'emily.wilson@example.com', 'password20', 'emily_wilson.jpg'),
(21, 'alex_jenkins', 'alex.jenkins@example.com', 'password21', 'alex_jenkins.jpg'),
(22, 'lisa_miller', 'lisa.miller@example.com', 'password22', 'lisa_miller.jpg'),
(23, 'tom_smith', 'tom.smith@example.com', 'password23', 'tom_smith.jpg'),
(24, 'olivia_davis', 'olivia.davis@example.com', 'password24', 'olivia_davis.jpg'),
(25, 'michael_brown', 'michael.brown@example.com', 'password25', 'michael_brown.jpg'),
(26, 'sophie_miller', 'sophie.miller@example.com', 'password26', 'sophie_miller.jpg'),
(27, 'david_jones', 'david.jones@example.com', 'password27', 'david_jones.jpg'),
(28, 'olivia_martinez', 'olivia.martinez@example.com', 'password28', 'olivia_martinez.jpg'),
(29, 'james_taylor', 'james.taylor@example.com', 'password29', 'james_taylor.jpg'),
(30, 'emma_anderson', 'emma.anderson@example.com', 'password30', 'emma_anderson.jpg'),
(31, 'william_hall', 'william.hall@example.com', 'password31', 'william_hall.jpg'),
(32, 'ava_jackson', 'ava.jackson@example.com', 'password32', 'ava_jackson.jpg'),
(33, 'samuel_white', 'samuel.white@example.com', 'password33', 'samuel_white.jpg'),
(34, 'hannah_thomas', 'hannah.thomas@example.com', 'password34', 'hannah_thomas.jpg'),
(35, 'benjamin_wilson', 'benjamin.wilson@example.com', 'password35', 'benjamin_wilson.jpg'),
(36, 'zoey_harris', 'zoey.harris@example.com', 'password36', 'zoey_harris.jpg'),
(37, 'logan_carter', 'logan.carter@example.com', 'password37', 'logan_carter.jpg'),
(38, 'grace_martin', 'grace.martin@example.com', 'password38', 'grace_martin.jpg'),
(39, 'ryan_morris', 'ryan.morris@example.com', 'password39', 'ryan_morris.jpg'),
(40, 'sophia_king', 'sophia.king@example.com', 'password40', 'sophia_king.jpg'),
(41, 'daniel_adams', 'daniel.adams@example.com', 'password41', 'daniel_adams.jpg'),
(42, 'lily_wright', 'lily.wright@example.com', 'password42', 'lily_wright.jpg'),
(43, 'ethan_miller', 'ethan.miller@example.com', 'password43', 'ethan_miller.jpg'),
(44, 'mia_hill', 'mia.hill@example.com', 'password44', 'mia_hill.jpg'),
(45, 'noah_clark', 'noah.clark@example.com', 'password45', 'noah_clark.jpg'),
(46, 'mia_jenkins', 'mia.jenkins@example.com', 'password46', 'mia_jenkins.jpg'),
(47, 'oliver_wood', 'oliver.wood@example.com', 'password47', 'oliver_wood.jpg'),
(48, 'emma_morris', 'emma.morris@example.com', 'password48', 'emma_morris.jpg'),
(49, 'liam_turner', 'liam.turner@example.com', 'password49', 'liam_turner.jpg'),
(50, 'ava_nelson', 'ava.nelson@example.com', 'password50', 'ava_nelson.jpg'),
(51, 'ethan_miller', 'ethan.miller@example.com', 'password51', 'ethan_miller.jpg'),
(52, 'isabella_rogers', 'isabella.rogers@example.com', 'password52', 'isabella_rogers.jpg'),
(53, 'aiden_king', 'aiden.king@example.com', 'password53', 'aiden_king.jpg'),
(54, 'olivia_carter', 'olivia.carter@example.com', 'password54', 'olivia_carter.jpg'),
(55, 'emma_jones', 'emma.jones@example.com', 'password55', 'emma_jones.jpg'),
(56, 'jacob_smith', 'jacob.smith@example.com', 'password56', 'jacob_smith.jpg'),
(57, 'olivia_davis', 'olivia.davis@example.com', 'password57', 'olivia_davis.jpg'),
(58, 'william_brown', 'william.brown@example.com', 'password58', 'william_brown.jpg'),
(59, 'sophia_anderson', 'sophia.anderson@example.com', 'password59', 'sophia_anderson.jpg'),
(60, 'jackson_wilson', 'jackson.wilson@example.com', 'password60', 'jackson_wilson.jpg'),
(61, 'olivia_hill', 'olivia.hill@example.com', 'password61', 'olivia_hill.jpg'),
(62, 'ethan_carter', 'ethan.carter@example.com', 'password62', 'ethan_carter.jpg'),
(63, 'ava_martin', 'ava.martin@example.com', 'password63', 'ava_martin.jpg'),
(64, 'logan_adams', 'logan.adams@example.com', 'password64', 'logan_adams.jpg');


-- Inserting  data into Posts table
INSERT INTO Posts (postID, userID, content, timestamp) VALUES
(101, 1, 'Post content by user1', NOW()),
(102, 2, 'Post content by user2', NOW()),
(103, 3, 'Post content by user3', NOW()),
(104, 4, 'Post content by user4', NOW()),
(105, 5, 'Post content by user5', NOW()),
(106, 6, 'Post content by user6', NOW()),
(107, 7, 'Post content by user7', NOW()),
(108, 8, 'Post content by user8', NOW()),
(109, 9, 'Post content by user9', NOW()),
(110, 10, 'Post content by user10', NOW()),
(111, 11, 'Post content by user11', NOW()),
(112, 12, 'Post content by user12', NOW()),
(113, 13, 'Post content by user13', NOW()),
(114, 14, 'Post content by user14', NOW()),
(115, 15, 'Post content by user15', NOW()),
(116, 16, 'Post content by user16', NOW()),
(117, 17, 'Exciting news from John Doe!', NOW()),
(118, 18, 'Jane Smith latest adventures', NOW()),
(119, 19, 'Sam Jones shares a tech tip', NOW()),
(120, 20, 'Emily Wilson travel diary', NOW()),
(121, 21, 'Alex Jenkins shares coding tips', NOW()),
(122, 22, 'Lisa Miller cooking adventures', NOW()),
(123, 23, 'Tom Smith fitness journey', NOW()),
(124, 24, 'Olivia Davis explores nature', NOW()),
(125, 25, 'Michael Brown coding journey', NOW()),
(126, 26, 'Sophie Miller favorite recipes', NOW()),
(127, 27, 'David Jones shares tech news', NOW()),
(128, 28, 'Olivia Martinez art showcase', NOW()),
(129, 29, 'James Taylor book recommendations', NOW()),
(130, 30, 'Emma Anderson travel experiences', NOW()),
(131, 31, 'William Hall fitness tips', NOW()),
(132, 32, 'Ava Jackson photography passion', NOW()),
(133, 33, 'Samuel White coding projects', NOW()),
(134, 34, 'Hannah Thomas beauty tips', NOW()),
(135, 35, 'Benjamin Wilson music playlist', NOW()),
(136, 36, 'Zoey Harris pet adventures', NOW()),
(137, 37, 'Logan Carter gaming world', NOW()),
(138, 38, 'Grace Martin fashion updates', NOW()),
(139, 39, 'Ryan Morris sports highlights', NOW()),
(140, 40, 'Sophia King movie reviews', NOW()),
(141, 41, 'Daniel Adams outdoor adventures', NOW()),
(142, 42, 'Lily Wright DIY projects', NOW()),
(143, 43, 'Ethan Miller technology insights', NOW()),
(144, 44, 'Mia Hill fitness and wellness', NOW()),
(145, 45, 'Noah Clark coding adventures', NOW()),
(146, 46, 'Mia Jenkins favorite desserts', NOW()),
(147, 47, 'Oliver Wood shares science news', NOW()),
(148, 48, 'Emma Morris art gallery showcase', NOW()),
(149, 49, 'Liam Turner book recommendations', NOW()),
(150, 50, 'Ava Nelson travel diary', NOW()),
(151, 51, 'Ethan Miller coding projects', NOW()),
(152, 52, 'Isabella Rogers fashion updates', NOW()),
(153, 53, 'Aiden King fitness tips', NOW()),
(154, 54, 'Olivia Carter beauty secrets', NOW()),
(155, 55, 'Emma Jones coding tips', NOW()),
(156, 56, 'Jacob Smith travel adventures', NOW()),
(157, 57, 'Olivia Davis tech insights', NOW()),
(158, 58, 'William Brown art exhibition', NOW()),
(159, 59, 'Sophia Anderson book reviews', NOW()),
(160, 60, 'Jackson Wilson cooking experiments', NOW()),
(161, 61, 'Olivia Hill fitness journey', NOW()),
(162, 62, 'Ethan Carter photography passion', NOW()),
(163, 63, 'Ava Martin coding projects', NOW()),
(164, 64, 'Logan Adams gaming world', NOW());






-- Inserting  data into Comments table
INSERT INTO Comments (commentID, postID, userID, comment_text, timestamp) VALUES
(1001, 101, 1, 'Comment by user1 on user1\'s post', NOW()),
(1002, 102, 2, 'Comment by user2 on user2\'s post', NOW()),
(1003, 103, 3, 'Comment by user3 on user3\'s post', NOW()),
(1004, 104, 4, 'Comment by user4 on user4\'s post', NOW()),
(1005, 105, 5, 'Comment by user5 on user5\'s post', NOW()),
(1006, 106, 6, 'Comment by user6 on user6\'s post', NOW()),
(1007, 107, 7, 'Comment by user7 on user7\'s post', NOW()),
(1008, 108, 8, 'Comment by user8 on user8\'s post', NOW()),
(1009, 109, 9, 'Comment by user9 on user9\'s post', NOW()),
(1010, 110, 10, 'Comment by user10 on user10\'s post', NOW()),
(1011, 111, 11, 'Comment by user11 on user11\'s post', NOW()),
(1012, 112, 12, 'Comment by user12 on user12\'s post', NOW()),
(1013, 113, 13, 'Comment by user13 on user13\'s post', NOW()),
(1014, 114, 14, 'Comment by user14 on user14\'s post', NOW()),
(1015, 115, 15, 'Comment by user15 on user15\'s post', NOW()),
(1016, 116, 16, 'Comment by user16 on user16\'s post', NOW()),
(1017, 117, 17, 'Great news, John!', NOW()),
(1018, 118, 18, 'Love your adventures, Jane!', NOW()),
(1019, 119, 19, 'Thanks for the tip, Sam!', NOW()),
(1020, 120, 20, 'Beautiful pictures, Emily!', NOW()),
(1021, 121, 21, 'Great coding tips, Alex!', NOW()),
(1022, 122, 22, 'I want the recipe, Lisa!', NOW()),
(1023, 123, 23, 'Keep it up, Tom!', NOW()),
(1024, 124, 24, 'Nature is beautiful, Olivia!', NOW()),
(1025, 125, 25, 'Great journey, Michael!', NOW()),
(1026, 126, 26, 'I need that recipe, Sophie!', NOW()),
(1027, 127, 27, 'Interesting news, David!', NOW()),
(1028, 128, 28, 'Your art is amazing, Olivia!', NOW()),
(1029, 129, 29, 'Thanks for the book recommendations, James!', NOW()),
(1030, 130, 30, 'I want to visit those places, Emma!', NOW()),
(1031, 131, 31, 'William, share more fitness tips!', NOW()),
(1032, 132, 32, 'Ava, your photography skills are impressive!', NOW()),
(1033, 133, 33, 'Samuel, your coding projects inspire me!', NOW()),
(1034, 134, 34, 'Hannah, I love your beauty tips!', NOW()),
(1035, 135, 35, 'Benjamin, share your music playlist!', NOW()),
(1036, 136, 36, 'Zoey, tell us more about your pets!', NOW()),
(1037, 137, 37, 'Logan, which games do you recommend?', NOW()),
(1038, 138, 38, 'Grace, your fashion updates are fantastic!', NOW()),
(1039, 139, 39, 'Ryan, highlight some sports moments!', NOW()),
(1040, 140, 40, 'Sophia, your movie reviews are helpful!', NOW()),
(1041, 141, 41, 'Daniel, share your outdoor adventures!', NOW()),
(1042, 142, 42, 'Lily, I want to try your DIY projects!', NOW()),
(1043, 143, 43, 'Ethan, your technology insights are valuable!', NOW()),
(1044, 144, 44, 'Mia, your wellness tips are appreciated!', NOW()),
(1045, 145, 45, 'Great coding adventures, Noah!', NOW()),
(1046, 146, 46, 'I need that dessert recipe, Mia!', NOW()),
(1047, 147, 47, 'Interesting science news, Oliver!', NOW()),
(1048, 148, 48, 'Your art is amazing, Emma!', NOW()),
(1049, 149, 49, 'Thanks for the book recommendations, Liam!', NOW()),
(1050, 150, 50, 'I want to visit those places, Ava!', NOW()),
(1051, 151, 51, 'Ethan, your coding projects are impressive!', NOW()),
(1052, 152, 52, 'Isabella, share more fashion updates!', NOW()),
(1053, 153, 53, 'Aiden, more fitness tips, please!', NOW()),
(1054, 154, 54, 'Olivia, beauty tips for an event?', NOW()),
(1055, 155, 55, 'Great coding tips, Emma!', NOW()),
(1056, 156, 56, 'I want to visit those places, Jacob!', NOW()),
(1057, 157, 57, 'Interesting tech insights, Olivia!', NOW()),
(1058, 158, 58, 'Your art exhibition is amazing, William!', NOW()),
(1059, 159, 59, 'Thanks for the book reviews, Sophia!', NOW()),
(1060, 160, 60, 'I need those cooking recipes, Jackson!', NOW()),
(1061, 161, 61, 'Olivia, your fitness journey is inspiring!', NOW()),
(1062, 162, 62, 'Ethan, your photography skills are impressive!', NOW()),
(1063, 163, 63, 'Ava, your coding projects inspire me!', NOW()),
(1064, 164, 64, 'Logan, recommend some games!', NOW());



-- Inserting data into Likes table
INSERT INTO Likes (likeID, postID, userID, timestamp) VALUES
(10001, 101, 1, NOW()),
(10002, 102, 2, NOW()),
(10003, 103, 3, NOW()),
(10004, 104, 4, NOW()),
(10005, 105, 5, NOW()),
(10006, 106, 6, NOW()),
(10007, 107, 7, NOW()),
(10008, 108, 8, NOW()),
(10009, 109, 9, NOW()),
(10010, 110, 10, NOW()),
(10011, 111, 11, NOW()),
(10012, 112, 12, NOW()),
(10013, 113, 13, NOW()),
(10014, 114, 14, NOW()),
(10015, 115, 15, NOW()),
(10016, 116, 16, NOW()),
(10017, 117, 17, NOW()),
(10018, 118, 18, NOW()),
(10019, 119, 19, NOW()),
(10020, 120, 20, NOW()),
(10021, 121, 21, NOW()),
(10022, 122, 22, NOW()),
(10023, 123, 23, NOW()),
(10024, 124, 24, NOW()),
(10025, 125, 25, NOW()),
(10026, 126, 26, NOW()),
(10027, 127, 27, NOW()),
(10028, 128, 28, NOW()),
(10029, 129, 29, NOW()),
(10030, 130, 30, NOW()),
(10031, 131, 31, NOW()),
(10032, 132, 32, NOW()),
(10033, 133, 33, NOW()),
(10034, 134, 34, NOW()),
(10035, 135, 35, NOW()),
(10036, 136, 36, NOW()),
(10037, 137, 37, NOW()),
(10038, 138, 38, NOW()),
(10039, 139, 39, NOW()),
(10040, 140, 40, NOW()),
(10041, 141, 41, NOW()),
(10042, 142, 42, NOW()),
(10043, 143, 43, NOW()),
(10044, 144, 44, NOW()),
(10045, 145, 45, NOW()),
(10046, 146, 46, NOW()),
(10047, 147, 47, NOW()),
(10048, 148, 48, NOW()),
(10049, 149, 49, NOW()),
(10050, 150, 50, NOW()),
(10051, 151, 51, NOW()),
(10052, 152, 52, NOW()),
(10053, 153, 53, NOW()),
(10054, 154, 54, NOW()),
(10055, 155, 55, NOW()),
(10056, 156, 56, NOW()),
(10057, 157, 57, NOW()),
(10058, 158, 58, NOW()),
(10059, 159, 59, NOW()),
(10060, 160, 60, NOW()),
(10061, 161, 61, NOW()),
(10062, 162, 62, NOW()),
(10063, 163, 63, NOW()),
(10064, 164, 64, NOW());

-- Inserting more dummy data into Friends table
INSERT INTO Friends (friendshipID, userID1, userID2, status) VALUES
(100001, 1, 2, 'accepted'),
(100002, 2, 3, 'pending'),
(100003, 3, 1, 'accepted'),
(100004, 4, 2, 'accepted'),
(100005, 5, 7, 'accepted'),
(100006, 6, 8, 'pending'),
(100007, 7, 5, 'accepted'),
(100008, 8, 6, 'accepted'),
(100009, 9, 11, 'accepted'),
(100010, 10, 12, 'pending'),
(100011, 11, 9, 'accepted'),
(100012, 12, 10, 'accepted'),
(100013, 13, 15, 'accepted'),
(100014, 14, 16, 'pending'),
(100015, 15, 13, 'accepted'),
(100016, 16, 14, 'accepted'),
(100017, 17, 19, 'accepted'),
(100018, 18, 20, 'pending'),
(100019, 19, 17, 'accepted'),
(100020, 20, 18, 'accepted'),
(100021, 21, 23, 'accepted'),
(100022, 22, 24, 'pending'),
(100023, 23, 21, 'accepted'),
(100024, 24, 22, 'accepted'),
(100025, 25, 27, 'accepted'),
(100026, 26, 28, 'pending'),
(100027, 27, 25, 'accepted'),
(100028, 28, 26, 'accepted'),
(100029, 29, 31, 'accepted'),
(100030, 30, 32, 'pending'),
(100031, 31, 29, 'accepted'),
(100032, 32, 30, 'accepted'),
(100033, 33, 35, 'accepted'),
(100034, 34, 36, 'pending'),
(100035, 35, 33, 'accepted'),
(100036, 36, 34, 'accepted'),
(100037, 37, 39, 'accepted'),
(100038, 38, 40, 'pending'),
(100039, 39, 37, 'accepted'),
(100040, 40, 38, 'accepted'),
(100041, 41, 43, 'accepted'),
(100042, 42, 44, 'pending'),
(100043, 43, 41, 'accepted'),
(100044, 44, 42, 'accepted'),
(100045, 45, 47, 'accepted'),
(100046, 46, 48, 'pending'),
(100047, 47, 45, 'accepted'),
(100048, 48, 46, 'accepted'),
(100049, 49, 51, 'accepted'),
(100050, 50, 52, 'pending'),
(100051, 51, 49, 'accepted'),
(100052, 52, 50, 'accepted'),
(100053, 53, 55, 'accepted'),
(100054, 54, 53, 'pending'),
(100055, 55, 57, 'accepted'),
(100056, 56, 58, 'pending'),
(100057, 57, 55, 'accepted'),
(100058, 58, 56, 'accepted'),
(100059, 59, 61, 'accepted'),
(100060, 60, 62, 'pending'),
(100061, 61, 59, 'accepted'),
(100062, 62, 60, 'accepted'),
(100063, 63, 63, 'accepted'),
(100064, 64, 63, 'pending');


-- Inserting  data into Messages table
INSERT INTO Messages (messageID, senderID, receiverID, message_text, timestamp) VALUES
(1000001, 1, 3, 'Hello from user1 to user3', NOW()),
(1000002, 2, 1, 'Reply from user2 to user1', NOW()),
(1000003, 1, 3, 'Hello from user1 to user3', NOW()),
(1000004, 3, 2, 'Reply from user3 to user2', NOW()),
(1000005, 5, 6, 'Hello from user5 to user6', NOW()),
(1000006, 6, 7, 'Reply from user6 to user7', NOW()),
(1000007, 7, 8, 'Hello from user7 to user8', NOW()),
(1000008, 8, 5, 'Reply from user8 to user5', NOW()),
(1000009, 9, 10, 'Hello from user9 to user10', NOW()),
(1000010, 10, 11, 'Reply from user10 to user11', NOW()),
(1000011, 11, 12, 'Hello from user11 to user12', NOW()),
(1000012, 12, 9, 'Reply from user12 to user9', NOW()),
(1000013, 13, 14, 'Hello from user13 to user14', NOW()),
(1000014, 14, 15, 'Reply from user14 to user15', NOW()),
(1000015, 15, 16, 'Hello from user15 to user16', NOW()),
(1000016, 16, 13, 'Reply from user16 to user13', NOW()),
(1000017, 17, 18, 'Hi John, how are you?', NOW()),
(1000018, 18, 19, 'Hey Jane, let us catch up!', NOW()),
(1000019, 19, 20, 'Hi Sam, got any travel plans?', NOW()),
(1000020, 20, 17, 'Hello Emily, your photos are amazing!', NOW()),
(1000021, 21, 22, 'Hi Alex, let us collaborate!', NOW()),
(1000022, 22, 23, 'Lisa, I need that recipe!', NOW()),
(1000023, 23, 24, 'Tom, can you share your workout routine?', NOW()),
(1000024, 24, 21, 'Olivia, your nature photos are inspiring!', NOW()),
(1000025, 25, 27, 'Hi Michael, let us collaborate on coding projects!', NOW()),
(1000026, 26, 28, 'Lisa, I need that recipe!', NOW()),
(1000027, 27, 29, 'David, share the latest tech news!', NOW()),
(1000028, 28, 30, 'Olivia, your art is inspiring!', NOW()),
(1000029, 29, 31, 'James, recommend more books!', NOW()),
(1000030, 30, 32, 'Emma, tell me about your travel experiences!', NOW()),
(1000031, 31, 33, 'William, more fitness tips, please!', NOW()),
(1000032, 32, 34, 'Ava, your photography is incredible!', NOW()),
(1000033, 33, 35, 'Samuel, coding advice needed!', NOW()),
(1000034, 34, 36, 'Hannah, beauty tips for an event?', NOW()),
(1000035, 35, 37, 'Benjamin, music recommendations!', NOW()),
(1000036, 36, 38, 'Zoey, tell us more about your pets!', NOW()),
(1000037, 37, 39, 'Logan, recommend some games!', NOW()),
(1000038, 38, 40, 'Grace, fashion advice needed!', NOW()),
(1000039, 39, 41, 'Ryan, share sports highlights!', NOW()),
(1000040, 40, 42, 'Sophia, movie recommendations!', NOW()),
(1000041, 41, 43, 'Daniel, outdoor adventure suggestions!', NOW()),
(1000042, 42, 44, 'Lily, DIY project guidance!', NOW()),
(1000043, 43, 41, 'Ethan, tech insights discussion!', NOW()),
(1000044, 44, 42, 'Mia, wellness tips discussion!', NOW()),
(1000045, 45, 47, 'Hi Noah, let us collaborate on coding projects!', NOW()),
(1000046, 46, 48, 'Mia, I need that dessert recipe!', NOW()),
(1000047, 47, 49, 'Oliver, share the latest science news!', NOW()),
(1000048, 48, 50, 'Emma, your art is inspiring!', NOW()),
(1000049, 49, 51, 'Liam, recommend more books!', NOW()),
(1000050, 50, 52, 'Ava, tell me about your travel experiences!', NOW()),
(1000051, 51, 53, 'Ethan, more coding tips, please!', NOW()),
(1000052, 52, 54, 'Isabella, your fashion updates are fantastic!', NOW()),
(1000053, 53, 55, 'Aiden, fitness tips discussion!', NOW()),
(1000054, 54, 51, 'Olivia, beauty tips discussion!', NOW()),
(1000055, 55, 57, 'Hi Emma, let us collaborate on coding projects!', NOW()),
(1000056, 56, 58, 'Jacob, I need travel advice!', NOW()),
(1000057, 57, 59, 'Olivia, share more tech insights!', NOW()),
(1000058, 58, 60, 'William, your art is inspiring!', NOW()),
(1000059, 59, 61, 'Sophia, discuss more book reviews!', NOW()),
(1000060, 60, 62, 'Jackson, share your cooking experiments!', NOW()),
(1000061, 61, 63, 'Olivia, fitness tips discussion!', NOW()),
(1000062, 62, 64, 'Ethan, photography insights discussion!', NOW()),
(1000063, 63, 64, 'Ava, coding projects discussion!', NOW()),
(1000064, 64, 61, 'Logan, gaming recommendations!', NOW());



-- Inserting data into Notifications table
INSERT INTO Notifications (notificationID, userID, content, timestamp) VALUES
(10000001, 1, 'You have a new notification', NOW()),
(10000002, 2, 'Another notification for you', NOW()),
(10000003, 1, 'Another notification for you', NOW()),
(10000004, 3, 'You have a new notification', NOW()),
(10000005, 5, 'You have a new notification', NOW()),
(10000006, 6, 'Another notification for you', NOW()),
(10000007, 7, 'You have a new notification', NOW()),
(10000008, 8, 'Another notification for you', NOW()),
(10000009, 9, 'Another notification for you', NOW()),
(10000010, 10, 'You have a new notification', NOW()),
(10000011, 11, 'Another notification for you', NOW()),
(10000012, 12, 'You have a new notification', NOW()),
(10000013, 13, 'Another notification for you', NOW()),
(10000014, 14, 'You have a new notification', NOW()),
(10000015, 15, 'Another notification for you', NOW()),
(10000016, 16, 'You have a new notification', NOW()),
(10000017, 17, 'You have a new notification', NOW()),
(10000018, 18, 'Another notification for you', NOW()),
(10000019, 19, 'You have a new notification', NOW()),
(10000020, 20, 'Another notification for you', NOW()),
(10000021, 21, 'You have a new notification', NOW()),
(10000022, 22, 'Another notification for you', NOW()),
(10000023, 23, 'You have a new notification', NOW()),
(10000024, 24, 'Another notification for you', NOW()),
(10000025, 25, 'You have a new notification', NOW()),
(10000026, 26, 'Another notification for you', NOW()),
(10000027, 27, 'You have a new notification', NOW()),
(10000028, 28, 'Another notification for you', NOW()),
(10000029, 29, 'You have a new notification', NOW()),
(10000030, 30, 'Another notification for you', NOW()),
(10000031, 31, 'You have a new notification', NOW()),
(10000032, 32, 'Another notification for you', NOW()),
(10000033, 33, 'You have a new notification', NOW()),
(10000034, 34, 'Another notification for you', NOW()),
(10000035, 35, 'You have a new notification', NOW()),
(10000036, 36, 'Another notification for you', NOW()),
(10000037, 37, 'You have a new notification', NOW()),
(10000038, 38, 'Another notification for you', NOW()),
(10000039, 39, 'You have a new notification', NOW()),
(10000040, 40, 'Another notification for you', NOW()),
(10000041, 41, 'You have a new notification', NOW()),
(10000042, 42, 'Another notification for you', NOW()),
(10000043, 43, 'You have a new notification', NOW()),
(10000044, 44, 'Another notification for you', NOW()),
(10000045, 45, 'You have a new notification', NOW()),
(10000046, 46, 'Another notification for you', NOW()),
(10000047, 47, 'You have a new notification', NOW()),
(10000048, 48, 'Another notification for you', NOW()),
(10000049, 49, 'You have a new notification', NOW()),
(10000050, 50, 'Another notification for you', NOW()),
(10000051, 51, 'You have a new notification', NOW()),
(10000052, 52, 'Another notification for you', NOW()),
(10000053, 53, 'You have a new notification', NOW()),
(10000054, 54, 'Another notification for you', NOW()),
(10000055, 55, 'You have a new notification', NOW()),
(10000056, 56, 'Another notification for you', NOW()),
(10000057, 57, 'You have a new notification', NOW()),
(10000058, 58, 'Another notification for you', NOW()),
(10000059, 59, 'You have a new notification', NOW()),
(10000060, 60, 'Another notification for you', NOW()),
(10000061, 61, 'You have a new notification', NOW()),
(10000062, 62, 'Another notification for you', NOW()),
(10000063, 63, 'You have a new notification', NOW()),
(10000064, 64, 'Another notification for you', NOW());


-- Inserting  data into Groups table
INSERT INTO `Groups` (groupID, groupName, adminID) VALUES
(1001, 'Group 1', 1),
(1002, 'Group 2', 2),
(1003, 'Group 3', 3),
(1004, 'Group 4', 4),
(1005, 'Group 5', 5),
(1006, 'Group 6', 6),
(1007, 'Group 7', 7),
(1008, 'Group 8', 8),
(1009, 'Group 9', 9),
(1010, 'Group 10', 10),
(1011, 'Group 11', 11),
(1012, 'Group 12', 12),
(1013, 'Group 13', 13),
(1014, 'Group 14', 14),
(1015, 'Group 15',15),
(1016, 'Group 16',16),
(1017, 'Tech Enthusiasts', 17),
(1018, 'Travel Lovers', 18),
(1019, 'Photography Club', 19),
(1020, 'Fitness Freaks', 20),
(1021, 'Coding Enthusiasts', 21),
(1022, 'Foodies Club', 22),
(1023, 'Fitness Freaks', 23),
(1024, 'Nature Explorers', 24),
(1025, 'Programming Wizards', 25),
(1026, 'Cooking Enthusiasts', 26),
(1027, 'Tech Innovators', 27),
(1028, 'Art Creators', 28),
(1029, 'Book Club', 29),
(1030, 'Wanderlust Explorers', 30),
(1031, 'Fitness Gurus', 31),
(1032, 'Photography Enthusiasts', 32),
(1033, 'Code Masters', 33),
(1034, 'Beauty Admirers', 34),
(1035, 'Music Lovers', 35),
(1036, 'Pet Admirers', 36),
(1037, 'Gaming Community', 37),
(1038, 'Fashionistas', 38),
(1039, 'Sports Fanatics', 39),
(1040, 'Movie Buffs', 40),
(1041, 'Adventure Seekers', 41),
(1042, 'DIY Enthusiasts', 42),
(1043, 'Tech Talk', 43),
(1044, 'Wellness Warriors', 44),
(1045, 'Tech Enthusiasts 2.0', 45),
(1046, 'Dessert Lovers', 46),
(1047, 'Science Explorers', 47),
(1048, 'Artistic Minds', 48),
(1049, 'Bookworms', 49),
(1050, 'Travel Addicts', 50),
(1051, 'Code Wizards', 51),
(1052, 'Fashionistas 2.0', 52),
(1053, 'Fitness Fanatics', 53),
(1054, 'Beauty Admirers 2.0', 54),
(1055, 'Coding Enthusiasts 2.0', 55),
(1056, 'Adventure Seekers 2.0', 56),
(1057, 'Tech Talks', 57),
(1058, 'Artistic Minds 2.0', 58),
(1059, 'Book Club 2.0', 59),
(1060, 'Cooking Masters', 60),
(1061, 'Fitness Fanatics 2.0', 61),
(1062, 'Photography Lovers 2.0', 62),
(1063, 'Code Masters 2.0', 63),
(1064, 'Gaming Community 2.0', 64);


